controller,total_grid_import_kwh,total_grid_export_kwh,total_energy_cost_rs,total_degradation_cost_rs,total_net_cost_rs,final_soc_percent,final_soh_percent,capacity_loss_percent,battery_throughput_kwh
no_battery,38.34015101519588,16.92229345246634,255.95432776416806,0.0,255.95432776416806,0.0,100.0,0.0,0.0
naive,28.840151015195886,9.553872399834763,202.05959092206277,0.0,202.05959092206277,20.0,99.98113157894737,0.01886842105263159,16.86842105263158
rule_based,31.690151015195884,12.711767136676865,215.38590671153648,0.0,215.38590671153648,20.0,99.98713947368421,0.012860526315789477,10.860526315789475
optimization,28.840151013179486,9.553872397921415,202.05959091167165,0.0,202.05959091167165,19.99999999270733,99.98113157892955,0.018868421070455242,16.868421070455238
degradation_aware,28.840150966566306,9.553872370875066,202.05959061990524,25.30263165678892,227.36222227669413,19.999999822445204,99.98113157889547,0.01886842110452594,16.86842110452594
